{
    "NJF": [
        31.991116,
        44.405019
    ],
    "CZL": [
        36.276001,
        6.62039
    ],
    "AQJ": [
        29.611601,
        35.018101
    ],
    "MHD": [
        36.234821,
        59.642949
    ],
    "LXR": [
        25.671018,
        32.706446
    ],
    "HRG": [
        27.176776,
        33.796692
    ],
    "GZA": [
        null,
        null
    ],
    "DMM": [
        26.4691,
        49.798209
    ],
    "AHB": [
        18.2404,
        42.656601
    ],
    "ISU": [
        35.560487,
        45.315137
    ],
    "SYZ": [
        29.5392,
        52.589802
    ],
    "BGW": [
        33.262501,
        44.2346
    ],
    "LTK": [
        35.4011,
        35.9487
    ],
    "SLL": [
        17.0387,
        54.091301
    ],
    "HBE": [
        30.93249,
        29.696437
    ],
    "THR": [
        35.689175,
        51.314392
    ],
    "DOH": [
        25.273056,
        51.608056
    ],
    "TLV": [
        32.011398,
        34.8867
    ],
    "IST": [
        41.274874,
        28.732136
    ],
    "BSR": [
        30.549101,
        47.662102
    ],
    "IFN": [
        32.755142,
        51.883877
    ],
    "OHS": [
        24.38604,
        56.62541
    ],
    "CAI": [
        30.111534,
        31.396694
    ],
    "ORN": [
        35.620648,
        -0.622486
    ],
    "MCT": [
        23.600218,
        58.285268
    ],
    "DXB": [
        25.24979,
        55.370992
    ],
    "IKA": [
        35.416099548339844,
        51.15219879150391
    ],
    "BEY": [
        33.819833,
        35.487443
    ],
    "MED": [
        24.5534,
        39.705101
    ],
    "GXF": [
        15.965887,
        48.788146
    ],
    "SSH": [
        27.977272,
        34.394717
    ],
    "ALP": [
        36.181262,
        37.226869
    ],
    "ADJ": [
        31.9727,
        35.9916
    ],
    "ALG": [
        36.693886,
        3.214531
    ],
    "AUH": [
        24.440966,
        54.649237
    ],
    "ESB": [
        40.128101,
        32.995098
    ],
    "ADB": [
        38.2924,
        27.157
    ],
    "DWC": [
        24.896171,
        55.16235
    ],
    "DAM": [
        33.4114990234375,
        36.51559829711914
    ],
    "ADE": [
        12.829564,
        45.029976
    ],
    "RUH": [
        24.9576,
        46.698799
    ],
    "JED": [
        21.680241,
        39.157436
    ],
    "SHJ": [
        25.3286,
        55.5172
    ],
    "HFA": [
        32.810219,
        35.043719
    ],
    "AMM": [
        31.7226009369,
        35.9931983948
    ],
    "SAH": [
        15.4763,
        44.2197
    ],
    "SAW": [
        40.898602,
        29.3092
    ],
    "BAH": [
        26.267295,
        50.63764
    ],
    "KWI": [
        29.224487,
        47.969813
    ],
    "ETM": [
        29.727009,
        35.014116
    ],
    "AYT": [
        36.898701,
        30.800501
    ],
    "RKT": [
        25.613501,
        55.938801
    ],
    "EBL": [
        36.236047,
        43.946615
    ]
}